port,signal,index,package_pin,iostandard,provenance
c0_ddr4_act_n,act_n,,D19,,source
c0_ddr4_adr,adr,0,L19,,source
c0_ddr4_adr,adr,1,J16,,source
c0_ddr4_adr,adr,2,L18,,source
c0_ddr4_adr,adr,3,K16,,source
c0_ddr4_adr,adr,4,K18,,source
c0_ddr4_adr,adr,5,J18,,source
c0_ddr4_adr,adr,6,L17,,source
c0_ddr4_adr,adr,7,M16,,source
c0_ddr4_adr,adr,8,K17,,source
c0_ddr4_adr,adr,9,M17,,source
c0_ddr4_adr,adr,10,M19,,source
c0_ddr4_adr,adr,11,M15,,source
c0_ddr4_adr,adr,12,N17,,source
c0_ddr4_adr,adr,13,N19,,source
c0_ddr4_adr,adr,14,H16,,source
c0_ddr4_adr,adr,15,G16,,source
c0_ddr4_adr,adr,16,H17,,source
c0_ddr4_ba,ba,0,G17,,source
c0_ddr4_ba,ba,1,G19,,source
c0_ddr4_bg,bg,0,F19,,source
c0_sys_clk_n,c0_sys_clk_n,,H18,,source
c0_sys_clk_p,c0_sys_clk_p,,H19,,source
c0_ddr4_ck_c,ck_c,,N16,,source
c0_ddr4_ck_t,ck_t,,P16,,source
c0_ddr4_cke,cke,,E20,,source
c0_ddr4_cs_n,cs_n,,F17,,source
c0_ddr4_dm_n,dm_dbi_n,0,N14,,source
c0_ddr4_dm_n,dm_dbi_n,1,L14,,source
c0_ddr4_dm_n,dm_dbi_n,2,H14,,source
c0_ddr4_dm_n,dm_dbi_n,3,D14,,source
c0_ddr4_dm_n,dm_dbi_n,4,C18,,source
c0_ddr4_dm_n,dm_dbi_n,5,C24,,source
c0_ddr4_dm_n,dm_dbi_n,6,H24,,source
c0_ddr4_dm_n,dm_dbi_n,7,L22,,source
c0_ddr4_dq,dq,0,P11,,source
c0_ddr4_dq,dq,1,P10,,source
c0_ddr4_dq,dq,2,L12,,source
c0_ddr4_dq,dq,3,M12,,source
c0_ddr4_dq,dq,4,N13,,source
c0_ddr4_dq,dq,5,N12,,source
c0_ddr4_dq,dq,6,M10,,source
c0_ddr4_dq,dq,7,L10,,source
c0_ddr4_dq,dq,8,J15,,source
c0_ddr4_dq,dq,9,K15,,source
c0_ddr4_dq,dq,10,K13,,source
c0_ddr4_dq,dq,11,J14,,source
c0_ddr4_dq,dq,12,K11,,source
c0_ddr4_dq,dq,13,K10,,source
c0_ddr4_dq,dq,14,J13,,source
c0_ddr4_dq,dq,15,K12,,source
c0_ddr4_dq,dq,16,E12,,source
c0_ddr4_dq,dq,17,F12,,source
c0_ddr4_dq,dq,18,E15,,source
c0_ddr4_dq,dq,19,F15,,source
c0_ddr4_dq,dq,20,H12,,source
c0_ddr4_dq,dq,21,G12,,source
c0_ddr4_dq,dq,22,G15,,source
c0_ddr4_dq,dq,23,G14,,source
c0_ddr4_dq,dq,24,B14,,source
c0_ddr4_dq,dq,25,D13,,source
c0_ddr4_dq,dq,26,A13,,source
c0_ddr4_dq,dq,27,A14,,source
c0_ddr4_dq,dq,28,B15,,source
c0_ddr4_dq,dq,29,C13,,source
c0_ddr4_dq,dq,30,A15,,source
c0_ddr4_dq,dq,31,A12,,source
c0_ddr4_dq,dq,32,C16,,source
c0_ddr4_dq,dq,33,C19,,source
c0_ddr4_dq,dq,34,B19,,source
c0_ddr4_dq,dq,35,A20,,source
c0_ddr4_dq,dq,36,D16,,source
c0_ddr4_dq,dq,37,A17,,source
c0_ddr4_dq,dq,38,A18,,source
c0_ddr4_dq,dq,39,A19,,source
c0_ddr4_dq,dq,40,C23,,source
c0_ddr4_dq,dq,41,C21,,source
c0_ddr4_dq,dq,42,A24,,source
c0_ddr4_dq,dq,43,A25,,source
c0_ddr4_dq,dq,44,C22,,source
c0_ddr4_dq,dq,45,D21,,source
c0_ddr4_dq,dq,46,A22,,source
c0_ddr4_dq,dq,47,A23,,source
c0_ddr4_dq,dq,48,D25,,source
c0_ddr4_dq,dq,49,E23,,source
c0_ddr4_dq,dq,50,G22,,source
c0_ddr4_dq,dq,51,G21,,source
c0_ddr4_dq,dq,52,D23,,source
c0_ddr4_dq,dq,53,D24,,source
c0_ddr4_dq,dq,54,F24,,source
c0_ddr4_dq,dq,55,F23,,source
c0_ddr4_dq,dq,56,H22,,source
c0_ddr4_dq,dq,57,J23,,source
c0_ddr4_dq,dq,58,K20,,source
c0_ddr4_dq,dq,59,L20,,source
c0_ddr4_dq,dq,60,H21,,source
c0_ddr4_dq,dq,61,H23,,source
c0_ddr4_dq,dq,62,K23,,source
c0_ddr4_dq,dq,63,J21,,source
c0_ddr4_dqs_c,dqs_c,0,M11,,source
c0_ddr4_dqs_c,dqs_c,1,J10,,source
c0_ddr4_dqs_c,dqs_c,2,F13,,source
c0_ddr4_dqs_c,dqs_c,3,B12,,source
c0_ddr4_dqs_c,dqs_c,4,B16,,source
c0_ddr4_dqs_c,dqs_c,5,B21,,source
c0_ddr4_dqs_c,dqs_c,6,E21,,source
c0_ddr4_dqs_c,dqs_c,7,J20,,inferred
c0_ddr4_dqs_t,dqs_t,0,N11,,source
c0_ddr4_dqs_t,dqs_t,1,J11,,source
c0_ddr4_dqs_t,dqs_t,2,F14,,source
c0_ddr4_dqs_t,dqs_t,3,C12,,source
c0_ddr4_dqs_t,dqs_t,4,B17,,source
c0_ddr4_dqs_t,dqs_t,5,B22,,source
c0_ddr4_dqs_t,dqs_t,6,E22,,source
c0_ddr4_dqs_t,dqs_t,7,K21,,source
c0_ddr4_odt,odt,,E16,,source
c0_ddr4_reset_n,reset_n,,E18,,source
uart_txd,UART_TX_F,2,AD28,LVCMOS18,source
uart_rxd,UART_RX_F,2,AE28,LVCMOS18,source
sys_rst_n,USER_nPB,0,AT30,LVCMOS18,source
calib_complete_led_n,USER_nLED,0,AU32,LVCMOS18,source
